"Date","Genre","Text","Prepositions","Region","GenreRedux","DateRedux"
1736,"Science","albin",166.01,"North","NonFiction","1700-1799"
1711,"Education","anon",139.86,"North","NonFiction","1700-1799"
1808,"PrivateLetter","austen",130.78,"North","Conversational","1800-1913"
1878,"Education","bain",151.29,"North","NonFiction","1800-1913"
1743,"Education","barclay",145.72,"North","NonFiction","1700-1799"
1908,"Education","benson",120.77,"North","NonFiction","1800-1913"
1906,"Diary","benson",119.17,"North","Conversational","1800-1913"
1897,"Philosophy","boethja",132.96,"North","NonFiction","1800-1913"
1785,"Philosophy","boethri",130.49,"North","NonFiction","1700-1799"
1776,"Diary","boswell",135.94,"North","Conversational","1700-1799"
1905,"Travel","bradley",154.2,"North","NonFiction","1800-1913"
1711,"Education","brightland",149.14,"North","NonFiction","1700-1799"
1762,"Sermon","burton",159.71,"North","Religious","1700-1799"
1726,"Sermon","butler",157.49,"North","Religious","1700-1799"
1835,"PrivateLetter","carlyle",124.16,"North","Conversational","1800-1913"
1837,"History","carlyle",134.48,"North","NonFiction","1800-1913"
1774,"Education","chapman",153.54,"North","NonFiction","1700-1799"
1776,"Travel","cook",140.22,"North","NonFiction","1700-1799"
1712,"Travel","cooke",150,"North","NonFiction","1700-1799"
1719,"Fiction","defoe",131.48,"North","Fiction","1700-1799"
1837,"Fiction","dickens",126.63,"North","Fiction","1800-1913"
1747,"Biography","doddridge",152.89,"North","NonFiction","1700-1799"
1718,"Handbook","drummond",150.66,"North","NonFiction","1700-1799"
1881,"Bible","erv",107.17,"North","Religious","1800-1913"
1885,"Bible","erv",134.67,"North","Religious","1800-1913"
1859,"Science","faraday",134.34,"North","NonFiction","1800-1913"
1749,"Fiction","fielding",128.82,"North","Fiction","1700-1799"
1886,"Handbook","fleming",155.57,"North","NonFiction","1800-1913"
1830,"Sermon","froude",150.1,"North","Religious","1800-1913"
1763,"PublicLetter","george",137.02,"North","Conversational","1700-1799"
1776,"History","gibbon",172.42,"North","NonFiction","1700-1799"
1873,"PublicLetter","gladstone",138.88,"North","Conversational","1800-1913"
1805,"Fiction","godwin",146.74,"North","Fiction","1800-1913"
1780,"Handbook","grafting",145.89,"North","NonFiction","1700-1799"
1808,"Diary","haydon",127.51,"North","Conversational","1800-1913"
1797,"Science","herschel",125.93,"North","NonFiction","1700-1799"
1707,"History","hind",158,"North","NonFiction","1700-1799"
1749,"PublicLetter","holmes",144.76,"North","Conversational","1700-1799"
1749,"TrialProceeding","holmes",129.18,"North","Legal","1700-1799"
1775,"PrivateLetter","johnson",103.31,"North","Conversational","1700-1799"
1742,"History","kimber",159.36,"North","NonFiction","1700-1799"
1806,"Education","lancaster",150.75,"North","NonFiction","1800-1913"
1866,"History","long",141.11,"North","NonFiction","1800-1913"
1830,"Science","lyell",176.07,"North","NonFiction","1800-1913"
1747,"Handbook","maxwell",128.52,"North","NonFiction","1700-1799"
1895,"Fiction","meredith",141.39,"North","Fiction","1800-1913"
1718,"PrivateLetter","montagu",139.77,"North","Conversational","1700-1799"
1836,"Travel","montefiore",142.62,"North","NonFiction","1800-1913"
1796,"Bible","newcome",109.4,"North","Religious","1700-1799"
1889,"PrivateLetter","nightingale",121.14,"North","Conversational","1800-1913"
1890,"PrivateLetter","nightingale",119.34,"North","Conversational","1800-1913"
1744,"Travel","officer",135.96,"North","NonFiction","1700-1799"
1895,"History","oman",143.15,"North","NonFiction","1800-1913"
1769,"Science","priestley",152.17,"North","NonFiction","1700-1799"
1764,"Bible","purver",108.66,"North","Religious","1700-1799"
1764,"Bible","purver",143.58,"North","Religious","1700-1799"
1866,"Sermon","pusey",158.94,"North","Religious","1800-1913"
1863,"Travel","reade",130.87,"North","NonFiction","1800-1913"
1777,"Fiction","reeve",123.09,"North","Fiction","1700-1799"
1835,"Diary","ruskin",159.18,"North","Conversational","1800-1913"
1716,"Diary","ryder",139.27,"North","Conversational","1700-1799"
1813,"Biography","southey",137.96,"North","NonFiction","1800-1913"
1716,"Law","statutes",158.13,"North","Legal","1700-1799"
1745,"Law","statutes",165.67,"North","Legal","1700-1799"
1775,"Law","statutes",168.19,"North","Legal","1700-1799"
1805,"Law","statutes",170.23,"North","Legal","1800-1913"
1835,"Law","statutes",170.54,"North","Legal","1800-1913"
1865,"Law","statutes",185.17,"North","Legal","1800-1913"
1895,"Law","statutes",181.49,"North","Legal","1800-1913"
1890,"Science","strutt",160.07,"North","NonFiction","1800-1913"
1901,"Sermon","talbot",137.01,"North","Religious","1800-1913"
1872,"Diary","thring",116.23,"North","Conversational","1800-1913"
1814,"Handbook","tindall",141.86,"North","NonFiction","1800-1913"
1746,"TrialProceeding","townley",129.06,"North","Legal","1700-1799"
1882,"Biography","trollope",140.25,"North","NonFiction","1800-1913"
1799,"History","turner",146.06,"North","NonFiction","1700-1799"
1800,"Travel","turner",165.54,"North","NonFiction","1800-1913"
1865,"PrivateLetter","victoria",100.66,"North","Conversational","1800-1913"
1747,"PrivateLetter","walpole",119.95,"North","Conversational","1700-1799"
1817,"TrialProceeding","watson",110.15,"North","Legal","1800-1913"
1913,"Handbook","weathers",153.37,"North","NonFiction","1800-1913"
1718,"Education","webster",138.32,"North","NonFiction","1700-1799"
1815,"PublicLetter","wellesley",149.68,"North","Conversational","1800-1913"
1745,"Diary","wesley",143.32,"North","Conversational","1700-1799"
1837,"Education","whewell",157.58,"North","NonFiction","1800-1913"
1793,"Sermon","wollaston",161.31,"North","Religious","1700-1799"
1865,"Fiction","yonge",123.06,"North","Fiction","1800-1913"
1530,"PrivateLetter","abott",116.67,"North","Conversational","1500-1599"
1700,"PrivateLetter","alhatton",96.23,"North","Conversational","1700-1799"
1687,"PrivateLetter","alhatton",107.9,"North","Conversational","1600-1699"
1525,"PublicLetter","ambass",149.43,"North","Conversational","1500-1599"
1695,"PrivateLetter","anhatton",97.38,"North","Conversational","1600-1699"
1695,"PrivateLetter","anhatton",130.37,"North","Conversational","1600-1699"
1695,"PrivateLetter","anhatton",104.84,"North","Conversational","1600-1699"
1504,"PrivateLetter","aplumpt",111.78,"North","Conversational","1500-1599"
1504,"PrivateLetter","aplumpt",132.49,"North","Conversational","1500-1599"
1552,"PrivateLetter","apoole",148.51,"North","Conversational","1500-1599"
1608,"Fiction","armin",88.33,"North","Fiction","1600-1699"
1608,"Fiction","armin",112.05,"North","Fiction","1600-1699"
1608,"Fiction","armin",108.38,"North","Fiction","1600-1699"
1568,"Education","asch",138.82,"North","NonFiction","1500-1599"
1568,"Education","asch",129.98,"North","NonFiction","1500-1599"
1568,"Education","asch",133.84,"North","NonFiction","1500-1599"
1675,"PublicLetter","aungier",144.19,"North","Conversational","1600-1699"
1675,"PublicLetter","aungier",152.32,"North","Conversational","1600-1699"
1675,"PublicLetter","aungier",144.82,"North","Conversational","1600-1699"
1611,"Bible","authnew",102.96,"North","Religious","1600-1699"
1611,"Bible","authnew",112.42,"North","Religious","1600-1699"
1611,"Bible","authnew",129.91,"North","Religious","1600-1699"
1611,"Bible","authold",131.44,"North","Religious","1600-1699"
1611,"Bible","authold",125.34,"North","Religious","1600-1699"
1611,"Bible","authold",127.91,"North","Religious","1600-1699"
1605,"Education","bacon",147.5,"North","NonFiction","1600-1699"
1605,"Education","bacon",152.59,"North","NonFiction","1600-1699"
1605,"Education","bacon",142.91,"North","NonFiction","1600-1699"
1537,"PublicLetter","bedyll",115.74,"North","Conversational","1500-1599"
1668,"Fiction","behn",122.16,"North","Fiction","1600-1699"
1668,"Fiction","behn",130.67,"North","Fiction","1600-1699"
1668,"Fiction","behn",131.69,"North","Fiction","1600-1699"
1597,"Science","blundev",139.84,"North","NonFiction","1500-1599"
1597,"Science","blundev",143.32,"North","NonFiction","1500-1599"
1597,"Science","blundev",145.22,"North","NonFiction","1500-1599"
1556,"Philosophy","boethco",105.61,"North","NonFiction","1500-1599"
1556,"Philosophy","boethco",122.07,"North","NonFiction","1500-1599"
1556,"Philosophy","boethco",99.92,"North","NonFiction","1500-1599"
1593,"Philosophy","boethel",115.26,"North","NonFiction","1500-1599"
1593,"Philosophy","boethel",121.21,"North","NonFiction","1500-1599"
1593,"Philosophy","boethel",98.12,"North","NonFiction","1500-1599"
1695,"Philosophy","boethpr",121.99,"North","NonFiction","1600-1699"
1695,"Philosophy","boethpr",132.93,"North","NonFiction","1600-1699"
1695,"Philosophy","boethpr",110.52,"North","NonFiction","1600-1699"
1664,"Science","boylecol",154.79,"North","NonFiction","1600-1699"
1664,"Science","boylecol",150.01,"North","NonFiction","1600-1699"
1676,"Science","boyle",139.43,"North","NonFiction","1600-1699"
1676,"Science","boyle",147.33,"North","NonFiction","1600-1699"
1627,"Education","brinsley",121.58,"North","NonFiction","1600-1699"
1627,"Education","brinsley",134.34,"North","NonFiction","1600-1699"
1627,"Education","brinsley",122.84,"North","NonFiction","1600-1699"
1713,"History","burnetcha",135.61,"North","NonFiction","1700-1799"
1713,"History","burnetcha",141.34,"North","NonFiction","1700-1799"
1713,"History","burnetcha",139.68,"North","NonFiction","1700-1799"
1680,"Biography","burnetroc",142.76,"North","NonFiction","1600-1699"
1680,"Biography","burnetroc",141.31,"North","NonFiction","1600-1699"
1680,"Biography","burnetroc",142.56,"North","NonFiction","1600-1699"
1677,"PublicLetter","capel",130.71,"North","Conversational","1600-1699"
1677,"PublicLetter","capel",116.2,"North","Conversational","1600-1699"
1677,"PublicLetter","capel",110.31,"North","Conversational","1600-1699"
1506,"Travel","chaplain",154.24,"North","NonFiction","1500-1599"
1657,"PublicLetter","charles",137.97,"North","Conversational","1600-1699"
1679,"PublicLetter","charles",160,"North","Conversational","1600-1699"
1679,"PublicLetter","charles",176.47,"North","Conversational","1600-1699"
1692,"PrivateLetter","chatton",105.62,"North","Conversational","1600-1699"
1692,"PrivateLetter","chatton",114.36,"North","Conversational","1600-1699"
1692,"PrivateLetter","chatton",99.83,"North","Conversational","1600-1699"
1673,"PublicLetter","commiss",195.86,"North","Conversational","1600-1699"
1623,"PublicLetter","conway",138.66,"North","Conversational","1600-1699"
1675,"PublicLetter","conway",122.3,"North","Conversational","1600-1699"
1688,"PublicLetter","counc",164.95,"North","Conversational","1600-1699"
1612,"Travel","coverte",126.73,"North","NonFiction","1600-1699"
1612,"Travel","coverte",135.74,"North","NonFiction","1600-1699"
1612,"Travel","coverte",113.6,"North","NonFiction","1600-1699"
1537,"PublicLetter","cromwell",147.13,"North","Conversational","1500-1599"
1530,"PublicLetter","cromwell",152.94,"North","Conversational","1500-1599"
1530,"PublicLetter","cromwell",127.59,"North","Conversational","1500-1599"
1513,"PublicLetter","dacre",149.6,"North","Conversational","1500-1599"
1538,"PrivateLetter","delapole",115.38,"North","Conversational","1500-1599"
1688,"PublicLetter","dell",161.79,"North","Conversational","1600-1699"
1597,"Fiction","deloney",103.78,"North","Fiction","1500-1599"
1597,"Fiction","deloney",106.98,"North","Fiction","1500-1599"
1597,"Fiction","deloney",128.62,"North","Fiction","1500-1599"
1647,"PrivateLetter","dering",125,"North","Conversational","1600-1699"
1509,"PrivateLetter","dplumpt",122.14,"North","Conversational","1500-1599"
1690,"PublicLetter","drummond",116.56,"North","Conversational","1600-1699"
1547,"PrivateLetter","ecumberl",117.65,"North","Conversational","1500-1599"
1599,"PublicLetter","edmondes",118.99,"North","Conversational","1500-1599"
1599,"PublicLetter","edmondes",134.73,"North","Conversational","1500-1599"
1599,"PublicLetter","edmondes",125,"North","Conversational","1500-1599"
1552,"Diary","edward",148.03,"North","Conversational","1500-1599"
1552,"Diary","edward",142.08,"North","Conversational","1500-1599"
1552,"Diary","edward",147.8,"North","Conversational","1500-1599"
1666,"PrivateLetter","ehatton",132.96,"North","Conversational","1600-1699"
1690,"PrivateLetter","ehatton",93.97,"North","Conversational","1600-1699"
1566,"PublicLetter","eliz",144.69,"North","Conversational","1500-1599"
1575,"PublicLetter","eliz",143.26,"North","Conversational","1500-1599"
1588,"PublicLetter","eliz",136.12,"North","Conversational","1500-1599"
1600,"PublicLetter","eliz",144.5,"North","Conversational","1600-1699"
1600,"PublicLetter","eliz",120,"North","Conversational","1600-1699"
1531,"Education","elyot",139.06,"North","NonFiction","1500-1599"
1531,"Education","elyot",136.59,"North","NonFiction","1500-1599"
1531,"Education","elyot",134.98,"North","NonFiction","1500-1599"
1658,"PrivateLetter","eoxinden",113.37,"North","Conversational","1600-1699"
1667,"PrivateLetter","eoxinden",114.62,"North","Conversational","1600-1699"
1667,"PrivateLetter","eoxinden",113.46,"North","Conversational","1600-1699"
1680,"PrivateLetter","eoxinden",119.64,"North","Conversational","1600-1699"
1504,"PrivateLetter","epoole",133.55,"North","Conversational","1500-1599"
1600,"TrialProceeding","essex",133.67,"North","Legal","1600-1699"
1600,"TrialProceeding","essex",135.87,"North","Legal","1600-1699"
1600,"TrialProceeding","essexstate",126.95,"North","Legal","1600-1699"
1600,"TrialProceeding","essexstate",125.02,"North","Legal","1600-1699"
1689,"Diary","evelyn",151.72,"North","Conversational","1600-1699"
1689,"Diary","evelyn",146.6,"North","Conversational","1600-1699"
1689,"Diary","evelyn",147.91,"North","Conversational","1600-1699"
1629,"PrivateLetter","everard",88.93,"North","Conversational","1600-1699"
1516,"History","fabyan",159.18,"North","NonFiction","1500-1599"
1516,"History","fabyan",175.74,"North","NonFiction","1500-1599"
1516,"History","fabyan",174.17,"North","NonFiction","1500-1599"
1677,"PrivateLetter","fhatton",63.97,"North","Conversational","1600-1699"
1698,"Travel","fiennes",128.92,"North","NonFiction","1600-1699"
1698,"Travel","fiennes",132.09,"North","NonFiction","1600-1699"
1698,"Travel","fiennes",135.12,"North","NonFiction","1600-1699"
1521,"Sermon","fisher",125.49,"North","Religious","1500-1599"
1521,"Sermon","fisher",115.7,"North","Religious","1500-1599"
1521,"Sermon","fisher",130.87,"North","Religious","1500-1599"
1534,"Handbook","fitzh",99.16,"North","NonFiction","1500-1599"
1534,"Handbook","fitzh",106.26,"North","NonFiction","1500-1599"
1534,"Handbook","fitzh",104.45,"North","NonFiction","1500-1599"
1602,"Diary","forman",151.36,"North","Conversational","1600-1699"
1602,"Diary","forman",142.73,"North","Conversational","1600-1699"
1602,"Diary","forman",129.7,"North","Conversational","1600-1699"
1538,"PublicLetter","friar",150.88,"North","Conversational","1500-1599"
1681,"Travel","fryer",150.18,"North","NonFiction","1600-1699"
1681,"Travel","fryer",151.44,"North","NonFiction","1600-1699"
1681,"Travel","fryer",146.57,"North","NonFiction","1600-1699"
1503,"PrivateLetter","gascoigne",129.77,"North","Conversational","1500-1599"
1515,"PrivateLetter","gascoigne",153.85,"North","Conversational","1500-1599"
1589,"PrivateLetter","gawdy",134.74,"North","Conversational","1500-1599"
1589,"PrivateLetter","gawdy",122.45,"North","Conversational","1500-1599"
1589,"PrivateLetter","gawdy",118.64,"North","Conversational","1500-1599"
1538,"PrivateLetter","gcromw",154.31,"North","Conversational","1500-1599"
1538,"PrivateLetter","gcromw",134.36,"North","Conversational","1500-1599"
1538,"PrivateLetter","gcromw",103.73,"North","Conversational","1500-1599"
1593,"Handbook","gifford",95.76,"North","NonFiction","1500-1599"
1593,"Handbook","gifford",110.4,"North","NonFiction","1500-1599"
1593,"Handbook","gifford",108.64,"North","NonFiction","1500-1599"
1505,"PrivateLetter","gpoole",121.17,"North","Conversational","1500-1599"
1515,"PrivateLetter","gpoole",137.93,"North","Conversational","1500-1599"
1523,"PrivateLetter","grey",147.73,"North","Conversational","1500-1599"
1633,"PrivateLetter","harley",99.18,"South","Conversational","1600-1699"
1633,"PrivateLetter","harley",103.07,"South","Conversational","1600-1699"
1638,"PrivateLetter","harleyedw",107.95,"South","Conversational","1600-1699"
1638,"PrivateLetter","harleyedw",113.09,"South","Conversational","1600-1699"
1568,"Fiction","harman",114.77,"South","Fiction","1500-1599"
1568,"Fiction","harman",115.28,"South","Fiction","1500-1599"
1568,"Fiction","harman",114.85,"South","Fiction","1500-1599"
1580,"PublicLetter","hatcher",126.28,"South","Conversational","1500-1599"
1612,"History","hayward",159.63,"South","NonFiction","1600-1699"
1612,"History","hayward",150.23,"South","NonFiction","1600-1699"
1612,"History","hayward",159.39,"South","NonFiction","1600-1699"
1515,"PublicLetter","henry",127.45,"South","Conversational","1500-1599"
1528,"PublicLetter","henry",169.38,"South","Conversational","1500-1599"
1528,"PublicLetter","henry",165.46,"South","Conversational","1500-1599"
1532,"PublicLetter","henry",174.6,"South","Conversational","1500-1599"
1601,"Diary","hoby",143.64,"South","Conversational","1600-1699"
1601,"Diary","hoby",136.52,"South","Conversational","1600-1699"
1601,"Diary","hoby",147.88,"South","Conversational","1600-1699"
1665,"Science","hooke",140.81,"South","NonFiction","1600-1699"
1665,"Science","hooke",138.97,"South","NonFiction","1600-1699"
1665,"Science","hooke",145.17,"South","NonFiction","1600-1699"
1614,"Sermon","hooker",145.38,"South","Religious","1600-1699"
1614,"Sermon","hooker",134.27,"South","Religious","1600-1699"
1614,"Sermon","hooker",145.37,"South","Religious","1600-1699"
1614,"Sermon","hooker",137.55,"South","Religious","1600-1699"
1614,"Sermon","hooker",128.52,"South","Religious","1600-1699"
1614,"Sermon","hooker",140.35,"South","Religious","1600-1699"
1660,"Education","hoole",140.25,"South","NonFiction","1600-1699"
1660,"Education","hoole",138.41,"South","NonFiction","1600-1699"
1660,"Education","hoole",131.84,"South","NonFiction","1600-1699"
1648,"PrivateLetter","hoxinden",133.23,"South","Conversational","1600-1699"
1652,"PrivateLetter","hoxinden",129.45,"South","Conversational","1600-1699"
1663,"PrivateLetter","hoxinden",126.53,"South","Conversational","1600-1699"
1520,"PublicLetter","interview",146.15,"South","Conversational","1500-1599"
1509,"PrivateLetter","iplumpt",107.34,"South","Conversational","1500-1599"
1655,"PrivateLetter","jackson",128.57,"South","Conversational","1600-1699"
1630,"PrivateLetter","jbarring",108.9,"South","Conversational","1600-1699"
1630,"PrivateLetter","jbarring",134.22,"South","Conversational","1600-1699"
1630,"PrivateLetter","jbarring",129.75,"South","Conversational","1600-1699"
1673,"Sermon","jetaylor",128.12,"South","Religious","1600-1699"
1673,"Sermon","jetaylor",131.45,"South","Religious","1600-1699"
1662,"Education","jetaylormeas",115.08,"South","NonFiction","1600-1699"
1662,"Education","jetaylormeas",115.75,"South","NonFiction","1600-1699"
1688,"PrivateLetter","jopinney",142.14,"South","Conversational","1600-1699"
1688,"PrivateLetter","jopinney",122.37,"South","Conversational","1600-1699"
1688,"PrivateLetter","jopinney",133.7,"South","Conversational","1600-1699"
1630,"Travel","jotaylor",133.16,"South","NonFiction","1600-1699"
1630,"Travel","jotaylor",131.19,"South","NonFiction","1600-1699"
1630,"Travel","jotaylor",140.82,"South","NonFiction","1600-1699"
1636,"PrivateLetter","joxinden",124.02,"South","Conversational","1600-1699"
1636,"PrivateLetter","joxinden",115.36,"South","Conversational","1600-1699"
1686,"PrivateLetter","jpinney",91.94,"South","Conversational","1600-1699"
1686,"PrivateLetter","jpinney",102.15,"South","Conversational","1600-1699"
1630,"PrivateLetter","jubarring",120.31,"South","Conversational","1600-1699"
1630,"PrivateLetter","jubarring",104.17,"South","Conversational","1600-1699"
1590,"TrialProceeding","judall",115.96,"South","Legal","1500-1599"
1627,"PrivateLetter","knyvett",112.37,"South","Conversational","1600-1699"
1627,"PrivateLetter","knyvett",108.48,"South","Conversational","1600-1699"
1639,"PrivateLetter","knyvett",105.8,"South","Conversational","1600-1699"
1637,"PrivateLetter","koxinden",101.19,"South","Conversational","1600-1699"
1637,"PrivateLetter","koxinden",98.04,"South","Conversational","1600-1699"
1637,"PrivateLetter","koxinden",102.36,"South","Conversational","1600-1699"
1625,"PrivateLetter","kpaston",114.08,"South","Conversational","1600-1699"
1625,"PrivateLetter","kpaston",112.93,"South","Conversational","1600-1699"
1625,"PrivateLetter","kpaston",113.57,"South","Conversational","1600-1699"
1536,"PrivateLetter","kscrope",132.81,"South","Conversational","1500-1599"
1585,"PrivateLetter","kscrope",112,"South","Conversational","1500-1599"
1696,"Handbook","langf",140.48,"South","NonFiction","1600-1699"
1696,"Handbook","langf",142.61,"South","NonFiction","1600-1699"
1696,"Handbook","langf",137.22,"South","NonFiction","1600-1699"
1549,"Sermon","latimer",115.23,"South","Religious","1500-1599"
1549,"Sermon","latimer",116.74,"South","Religious","1500-1599"
1549,"Sermon","latimer",113.45,"South","Religious","1500-1599"
1543,"Travel","leland",171.11,"South","NonFiction","1500-1599"
1543,"Travel","leland",177.7,"South","NonFiction","1500-1599"
1543,"Travel","leland",173.55,"South","NonFiction","1500-1599"
1685,"TrialProceeding","lisle",87.79,"South","Legal","1600-1699"
1685,"TrialProceeding","lisle",88.78,"South","Legal","1600-1699"
1685,"TrialProceeding","lisle",85.7,"South","Legal","1600-1699"
1685,"Education","locke",124.78,"South","NonFiction","1600-1699"
1685,"Education","locke",124.42,"South","NonFiction","1600-1699"
1685,"Education","locke",132.76,"South","NonFiction","1600-1699"
1539,"PublicLetter","lords",101.85,"South","Conversational","1500-1599"
1559,"Diary","machyn",149.83,"South","Conversational","1500-1599"
1559,"Diary","machyn",148.4,"South","Conversational","1500-1599"
1559,"Diary","machyn",147.85,"South","Conversational","1500-1599"
1582,"Diary","madox",119.83,"South","Conversational","1500-1599"
1582,"Diary","madox",136.83,"South","Conversational","1500-1599"
1582,"Diary","madox",122.38,"South","Conversational","1500-1599"
1535,"PrivateLetter","manners",112.28,"South","Conversational","1500-1599"
1537,"PublicLetter","marches",152.75,"South","Conversational","1500-1599"
1615,"Handbook","markham",130.78,"South","NonFiction","1600-1699"
1615,"Handbook","markham",129.01,"South","NonFiction","1600-1699"
1615,"Handbook","markham",128.86,"South","NonFiction","1600-1699"
1630,"PrivateLetter","masham",109.03,"South","Conversational","1600-1699"
1630,"PrivateLetter","masham",118.86,"South","Conversational","1600-1699"
1630,"PrivateLetter","masham",108.5,"South","Conversational","1600-1699"
1675,"PublicLetter","memo",146.85,"South","Conversational","1600-1699"
1675,"PublicLetter","memo",162.22,"South","Conversational","1600-1699"
1526,"Fiction","merrytal",113.66,"South","Fiction","1500-1599"
1526,"Fiction","merrytal",106.91,"South","Fiction","1500-1599"
1526,"Fiction","merrytal",109.44,"South","Fiction","1500-1599"
1678,"PrivateLetter","mhatton",127.7,"South","Conversational","1600-1699"
1536,"PrivateLetter","mhoward",115.62,"South","Conversational","1500-1599"
1670,"History","milton",155.1,"South","NonFiction","1600-1699"
1670,"History","milton",162.07,"South","NonFiction","1600-1699"
1670,"History","milton",165.42,"South","NonFiction","1600-1699"
1681,"PrivateLetter","montague",111.69,"South","Conversational","1600-1699"
1529,"PrivateLetter","morelet",123.26,"South","Conversational","1500-1599"
1535,"PrivateLetter","morelet",123.39,"South","Conversational","1500-1599"
1535,"PrivateLetter","morelet",131.34,"South","Conversational","1500-1599"
1513,"History","moreric",134.23,"South","NonFiction","1500-1599"
1513,"History","moreric",132.12,"South","NonFiction","1500-1599"
1513,"History","moreric",134.41,"South","NonFiction","1500-1599"
1524,"PublicLetter","morewol",151.56,"South","Conversational","1500-1599"
1524,"PublicLetter","morewol",137.37,"South","Conversational","1500-1599"
1524,"PublicLetter","morewol",123.91,"South","Conversational","1500-1599"
1642,"PrivateLetter","moxinden",99.4,"South","Conversational","1600-1699"
1642,"PrivateLetter","moxinden",108.87,"South","Conversational","1600-1699"
1534,"PrivateLetter","mroper",141.84,"South","Conversational","1500-1599"
1534,"PrivateLetter","mroper",117.84,"South","Conversational","1500-1599"
1534,"PrivateLetter","mroper",134.8,"South","Conversational","1500-1599"
1515,"PublicLetter","mtudor",135.72,"South","Conversational","1500-1599"
1515,"PublicLetter","mtudor",139.83,"South","Conversational","1500-1599"
1528,"PublicLetter","mtudor",101.52,"South","Conversational","1500-1599"
1505,"PrivateLetter","nevill",98.04,"South","Conversational","1500-1599"
1631,"PrivateLetter","nferrar",112.9,"South","Conversational","1600-1699"
1631,"PrivateLetter","nferrar",121.43,"South","Conversational","1600-1699"
1631,"PrivateLetter","nferrar",118.75,"South","Conversational","1600-1699"
1706,"PrivateLetter","nhadd",143.97,"South","Conversational","1700-1799"
1706,"PrivateLetter","nhadd",153.55,"South","Conversational","1700-1799"
1719,"PrivateLetter","nhadd",122.84,"South","Conversational","1700-1799"
1685,"TrialProceeding","oates",95.82,"South","Legal","1600-1699"
1685,"TrialProceeding","oates",112.45,"South","Legal","1600-1699"
1685,"TrialProceeding","oates",102,"South","Legal","1600-1699"
1676,"PublicLetter","osborne",147.21,"South","Conversational","1600-1699"
1676,"PublicLetter","osborne",142.25,"South","Conversational","1600-1699"
1687,"Fiction","penny",90.45,"South","Fiction","1600-1699"
1687,"Fiction","penny",116.1,"South","Fiction","1600-1699"
1687,"Fiction","penny",112.12,"South","Fiction","1600-1699"
1667,"Diary","pepys",128.7,"South","Conversational","1600-1699"
1667,"Diary","pepys",126.75,"South","Conversational","1600-1699"
1667,"Diary","pepys",128.2,"South","Conversational","1600-1699"
1603,"Biography","perrott",135.64,"South","NonFiction","1600-1699"
1603,"Biography","perrott",139.44,"South","NonFiction","1600-1699"
1603,"Biography","perrott",146.14,"South","NonFiction","1600-1699"
1625,"PrivateLetter","pettit",124.71,"South","Conversational","1600-1699"
1625,"PrivateLetter","pettit",118.28,"South","Conversational","1600-1699"
1628,"PrivateLetter","pettit",155.32,"South","Conversational","1600-1699"
1632,"PrivateLetter","peyton",105.88,"South","Conversational","1600-1699"
1685,"PrivateLetter","phenry",124.36,"South","Conversational","1600-1699"
1685,"PrivateLetter","phenry",133.41,"South","Conversational","1600-1699"
1685,"PrivateLetter","phenry",114.86,"South","Conversational","1600-1699"
1677,"PublicLetter","proposals",151.11,"South","Conversational","1600-1699"
1626,"PrivateLetter","proud",74.71,"South","Conversational","1600-1699"
1636,"PrivateLetter","proud",117.02,"South","Conversational","1600-1699"
1600,"TrialProceeding","raleigh",112.03,"South","Legal","1600-1699"
1600,"TrialProceeding","raleigh",122.62,"South","Legal","1600-1699"
1598,"PublicLetter","rcecil",140.28,"South","Conversational","1500-1599"
1598,"PublicLetter","rcecil",160.43,"South","Conversational","1500-1599"
1598,"PublicLetter","rcecil",124.89,"South","Conversational","1500-1599"
1551,"Science","record",130.33,"South","NonFiction","1500-1599"
1551,"Science","record",132.82,"South","NonFiction","1500-1599"
1551,"Science","record",126.99,"South","NonFiction","1500-1599"
1633,"PrivateLetter","rferrar",95.96,"South","Conversational","1600-1699"
1692,"PrivateLetter","rhaddjr",115.94,"South","Conversational","1600-1699"
1658,"PrivateLetter","rhaddsr",153.3,"South","Conversational","1600-1699"
1673,"PrivateLetter","rhaddsr",122.42,"South","Conversational","1600-1699"
1673,"PrivateLetter","rhaddsr",125.89,"South","Conversational","1600-1699"
1688,"PrivateLetter","rhaddsr",116.5,"South","Conversational","1600-1699"
1703,"PrivateLetter","rhaddsr",137.04,"South","Conversational","1700-1799"
1712,"PrivateLetter","rhaddsr",128.34,"South","Conversational","1700-1799"
1624,"PublicLetter","rich",125.3,"South","Conversational","1600-1699"
1555,"Biography","roper",142.94,"South","NonFiction","1500-1599"
1555,"Biography","roper",142.93,"South","NonFiction","1500-1599"
1555,"Biography","roper",137.27,"South","NonFiction","1500-1599"
1607,"PrivateLetter","roxinden",134.38,"South","Conversational","1600-1699"
1627,"PrivateLetter","roxinden",120.27,"South","Conversational","1600-1699"
1627,"PrivateLetter","roxinden",106.67,"South","Conversational","1600-1699"
1631,"PrivateLetter","roxinden",141.51,"South","Conversational","1600-1699"
1631,"PrivateLetter","roxinden",114.68,"South","Conversational","1600-1699"
1536,"PrivateLetter","rplumpt",128.94,"South","Conversational","1500-1599"
1536,"PrivateLetter","rplumpt",121.21,"South","Conversational","1500-1599"
1503,"PrivateLetter","rplumpt",150.18,"South","Conversational","1500-1599"
1503,"PrivateLetter","rplumpt",109.76,"South","Conversational","1500-1599"
1538,"PublicLetter","russell",147.85,"South","Conversational","1500-1599"
1546,"PrivateLetter","savill",131.38,"South","Conversational","1500-1599"
1591,"Sermon","smith",118.27,"South","Religious","1500-1599"
1591,"Sermon","smith",125.24,"South","Religious","1500-1599"
1591,"Sermon","smith",118.44,"South","Religious","1500-1599"
1697,"PublicLetter","somers",148.1,"South","Conversational","1600-1699"
1686,"PrivateLetter","southard",144.28,"South","Conversational","1600-1699"
1688,"PublicLetter","spencer",132.59,"South","Conversational","1600-1699"
1708,"PublicLetter","spencer",132.58,"South","Conversational","1700-1799"
1708,"PublicLetter","spencer",140.44,"South","Conversational","1700-1799"
1512,"Law","stat",170.21,"South","Legal","1500-1599"
1515,"Law","stat",176.6,"South","Legal","1500-1599"
1536,"Law","stat",149.2,"South","Legal","1500-1599"
1545,"Law","stat",176.03,"South","Legal","1500-1599"
1545,"Law","stat",156.88,"South","Legal","1500-1599"
1555,"Law","stat",154.64,"South","Legal","1500-1599"
1563,"Law","stat",154.27,"South","Legal","1500-1599"
1572,"Law","stat",150,"South","Legal","1500-1599"
1572,"Law","stat",140.2,"South","Legal","1500-1599"
1589,"Law","stat",130.75,"South","Legal","1500-1599"
1589,"Law","stat",149.45,"South","Legal","1500-1599"
1593,"Law","stat",158.93,"South","Legal","1500-1599"
1610,"Law","stat",150.06,"South","Legal","1600-1699"
1610,"Law","stat",159.5,"South","Legal","1600-1699"
1627,"Law","stat",149.68,"South","Legal","1600-1699"
1640,"Law","stat",161.17,"South","Legal","1600-1699"
1666,"Law","stat",159.85,"South","Legal","1600-1699"
1671,"Law","stat",160.66,"South","Legal","1600-1699"
1699,"Law","stat",155.92,"South","Legal","1600-1699"
1699,"Law","stat",159.49,"South","Legal","1600-1699"
1580,"History","stow",162.34,"South","NonFiction","1500-1599"
1580,"History","stow",147.42,"South","NonFiction","1500-1599"
1580,"History","stow",163.91,"South","NonFiction","1500-1599"
1665,"PrivateLetter","strype",127.08,"South","Conversational","1600-1699"
1665,"PrivateLetter","strype",107.91,"South","Conversational","1600-1699"
1549,"PublicLetter","surety",110.39,"South","Conversational","1500-1599"
1593,"PublicLetter","talbot",134.83,"South","Conversational","1500-1599"
1630,"PrivateLetter","tbarring",109.09,"South","Conversational","1600-1699"
1630,"PrivateLetter","tbarring",105.54,"South","Conversational","1600-1699"
1630,"PrivateLetter","tbarring",135.23,"South","Conversational","1600-1699"
1520,"PublicLetter","thoward",150.62,"South","Conversational","1500-1599"
1520,"PublicLetter","thoward",144.3,"South","Conversational","1500-1599"
1571,"TrialProceeding","thoward",140.42,"South","Legal","1500-1599"
1571,"TrialProceeding","thoward",134.57,"South","Legal","1500-1599"
1554,"TrialProceeding","throckm",121.23,"South","Legal","1500-1599"
1671,"Sermon","tillots",141.61,"South","Religious","1600-1699"
1671,"Sermon","tillots",129.71,"South","Religious","1600-1699"
1679,"Sermon","tillots",132.86,"South","Religious","1600-1699"
1679,"Sermon","tillots",131.75,"South","Religious","1600-1699"
1680,"Sermon","tillots",145.02,"South","Religious","1600-1699"
1517,"Travel","torkingt",141.51,"South","NonFiction","1500-1599"
1517,"Travel","torkingt",142.78,"South","NonFiction","1500-1599"
1517,"Travel","torkingt",141.09,"South","NonFiction","1500-1599"
1594,"PublicLetter","trincoll",142.16,"South","Conversational","1500-1599"
1521,"PublicLetter","tunstall",144.64,"South","Conversational","1500-1599"
1521,"PublicLetter","tunstall",143.49,"South","Conversational","1500-1599"
1568,"Handbook","turner",122.26,"South","NonFiction","1500-1599"
1568,"Handbook","turner",119.82,"South","NonFiction","1500-1599"
1568,"Handbook","turner",138.61,"South","NonFiction","1500-1599"
1562,"Handbook","turnerherb",136.55,"South","NonFiction","1500-1599"
1534,"Bible","tyndnew",106.1,"South","Religious","1500-1599"
1534,"Bible","tyndnew",117.48,"South","Religious","1500-1599"
1534,"Bible","tyndnew",136.31,"South","Religious","1500-1599"
1530,"Bible","tyndold",135.89,"South","Religious","1500-1599"
1530,"Bible","tyndold",117.76,"South","Religious","1500-1599"
1530,"Bible","tyndold",124.22,"South","Religious","1500-1599"
1676,"Handbook","walton",106.73,"South","NonFiction","1600-1699"
1676,"Handbook","walton",118.35,"South","NonFiction","1600-1699"
1676,"Handbook","walton",115,"South","NonFiction","1600-1699"
1565,"PublicLetter","wcecil",111.75,"South","Conversational","1500-1599"
1588,"PublicLetter","wcecil",163.18,"South","Conversational","1500-1599"
1588,"PublicLetter","wcecil",119.47,"South","Conversational","1500-1599"
1529,"PublicLetter","wolsey",141.93,"South","Conversational","1500-1599"
1529,"PublicLetter","wolsey",117.5,"South","Conversational","1500-1599"
1529,"PublicLetter","wolsey",139.45,"South","Conversational","1500-1599"
1625,"PrivateLetter","wpaston",101.62,"South","Conversational","1600-1699"
1503,"PrivateLetter","wplumpt",73.17,"South","Conversational","1500-1599"
1516,"PrivateLetter","wplumpt",160,"South","Conversational","1500-1599"
1516,"PrivateLetter","wplumpt",139.94,"South","Conversational","1500-1599"
1649,"PrivateLetter","zouch",126.54,"South","Conversational","1600-1699"
1450,"Religion","cmaelr",133.62,"South","NonFiction","1150-1499"
1230,"Religion","cmancriw",110.22,"South","NonFiction","1150-1499"
1230,"Religion","cmancriw",109.5,"South","NonFiction","1150-1499"
1340,"Religion","cmayenbi",120.36,"South","NonFiction","1150-1499"
1380,"Philosophy","cmboeth",111.28,"South","NonFiction","1150-1499"
1400,"History","cmbrut",121.27,"South","NonFiction","1150-1499"
1464,"History","cmcapchr",138.38,"South","NonFiction","1150-1499"
1452,"Sermon","cmcapser",160.65,"South","Religious","1150-1499"
1400,"Religion","cmcloud",145.91,"South","NonFiction","1150-1499"
1390,"Religion","cmctpars",139.17,"South","NonFiction","1150-1499"
1350,"Bible","cmearlps",129.58,"South","Religious","1150-1499"
1390,"Religion","cmedvern",138.13,"South","NonFiction","1150-1499"
1495,"Sermon","cmfitzja",166.49,"South","Religious","1150-1499"
1440,"Sermon","cmgaytry",117.6,"South","Religious","1150-1499"
1475,"History","cmgregor",141.67,"South","NonFiction","1150-1499"
1200,"Religion","cmhali",131.37,"South","NonFiction","1150-1499"
1396,"Religion","cmhilton",148.5,"South","NonFiction","1150-1499"
1497,"Sermon","cminnoce",130.98,"South","Religious","1150-1499"
1400,"Religion","cmjulnor",125.7,"South","NonFiction","1150-1499"
1450,"Religion","cmkempe",129.16,"South","NonFiction","1150-1499"
1400,"Travel","cmmandev",142.08,"South","NonFiction","1150-1499"
1415,"Sermon","cmmirk",129.3,"South","Religious","1150-1499"
1388,"Bible","cmntest",113.08,"South","Religious","1150-1499"
1382,"Bible","cmotest",148.78,"South","Religious","1150-1499"
1150,"History","cmpeterb",134.08,"South","NonFiction","1150-1499"
1387,"History","cmpolych",137.2,"South","NonFiction","1150-1499"
1388,"Religion","cmpurvey",153.39,"South","NonFiction","1150-1499"
1481,"Fiction","cmreynar",93.22,"South","Fiction","1150-1499"
1500,"Handbook","cmreynes",128.57,"South","NonFiction","1500-1599"
1348,"Religion","cmrollep",133.24,"South","NonFiction","1150-1499"
1349,"Religion","cmrolltr",144.86,"South","NonFiction","1150-1499"
1425,"Sermon","cmroyal",126.95,"South","Religious","1150-1499"
1200,"Religion","cmvices",105.18,"South","NonFiction","1150-1499"
1400,"Religion","cmvices",113.02,"South","NonFiction","1150-1499"
1400,"Sermon","cmwycser",130.62,"South","Religious","1150-1499"
